{"is_source_file": true, "format": "md", "description": ".md file: README.md", "external_files": [], "external_methods": [], "published": [], "classes": [], "methods": [], "calls": [], "search-terms": ["README.md", "md"], "state": 2, "filename": "README.md", "format-version": 4, "code-base-name": "https://github.com/kavia-common/tic-tac-toe-classic-6102-6112.git:kavia-main", "knowledge_revision": 3, "git_revision": "ab7aed172d8b24695324164be8ed6a93530642aa", "revision_history": [{"3": "ab7aed172d8b24695324164be8ed6a93530642aa"}]}